,Value,units
Energy,29.262066219011984,MWh
Yield,2091.1632949584073,h
Bifacial gains,2.824322952772,%
PR,0.8284870758350604,pu
