,Value,units
Energy,11.249051467464868,MWh
Yield,2009.735347787652,h
Bifacial gains,7.808490091049025,%
PR,0.8860756554789685,pu
