,Value,units
Energy,18.701013212824797,MWh
Yield,1336.4357840111484,h
Bifacial gains,13.659939860524068,%
PR,0.9242961809745471,pu
