,Value,units
Energy,29.228922442384754,MWh
Yield,2088.794731897261,h
Bifacial gains,2.9514949206706143,%
PR,0.8283462003852698,pu
