,Value,units
Energy,15.254270556886182,MWh
Yield,1090.120241037517,h
Bifacial gains,6.080085005932445,%
PR,0.9007830088017948,pu
